{
    "1": {
        "add1": -925.6606232904949,
        "mul2": -935.6745661937314
    },
    "2": {
        "add1": 799.9999999999941,
        "mul2": 999.9999999999941
    },
    "3": {
        "add1": 990.5404799948585,
        "mul2": -832.9058197353244
    },
    "6": {
        "add1": 758.1590938658339,
        "mul2": 918.46956995824
    },
    "7": {
        "add1": 783.3376891214692,
        "mul2": 744.643712249726
    },
    "14": {
        "add1": 97.24499363917971,
        "mul2": 856.2550628463752
    },
    "15": {
        "add1": 808.7641500176037,
        "mul2": 0.0
    },
    "16": {
        "add1": 953.9897450483832,
        "mul2": 999.8911679788694
    },
    "17": {
        "add1": 351.458098120563,
        "mul2": 0.0
    },
    "18": {
        "add1": 459.3244961827142,
        "mul2": 986.7219690399234
    },
    "19": {
        "add1": 737.4916255379517,
        "mul2": 179.68348179999902
    },
    "4": {
        "add1": 677.6525029029606,
        "mul2": 884.2839518800038
    },
    "5": {
        "add1": 411.9689070025834,
        "mul2": 808.0363783864802
    },
    "10": {
        "add1": -896.5156337689434,
        "mul2": -895.618698364602
    },
    "12": {
        "add1": -940.5924996253743,
        "mul2": -921.8343782956772
    },
    "11": {
        "add1": 963.2220502942771,
        "mul2": 731.7919463561715
    },
    "13": {
        "add1": 799.9990589096778,
        "mul2": 999.9999999981885
    },
    "8": {
        "add1": -843.325281557886,
        "mul2": -842.1258462071264
    },
    "9": {
        "add1": 908.6250932253226,
        "mul2": 702.7396200971067
    },
    "24": {
        "add1": 799.9999987507182,
        "mul2": 999.9999999999941
    },
    "25": {
        "add1": 437.53082963892115,
        "mul2": 854.8030937842174
    },
    "48": {
        "add1": -999.9999999999941,
        "mul2": 0.0
    },
    "49": {
        "add1": 999.9999999999941,
        "mul2": 0.0
    },
    "32": {
        "add1": -999.9999999999941,
        "mul2": 0.0
    },
    "33": {
        "add1": 999.9999999999941,
        "mul2": 0.0
    },
    "34": {
        "add1": -999.9999999999941,
        "mul2": 0.0
    },
    "35": {
        "add1": 999.9999999999941,
        "mul2": 0.0
    },
    "37": {
        "add1": 999.9999999999941,
        "mul2": 0.0
    },
    "38": {
        "add1": -999.9999999999941,
        "mul2": 0.0
    },
    "39": {
        "add1": 999.9999999999941,
        "mul2": 0.0
    },
    "40": {
        "add1": -999.9999999999941,
        "mul2": 0.0
    },
    "41": {
        "add1": 999.9999999999941,
        "mul2": 0.0
    },
    "42": {
        "add1": -999.9999999999941,
        "mul2": 0.0
    },
    "43": {
        "add1": 999.9999999999941,
        "mul2": 0.0
    },
    "44": {
        "add1": -999.9999999999941,
        "mul2": 0.0
    },
    "45": {
        "add1": 999.9999999999941,
        "mul2": 0.0
    },
    "46": {
        "add1": -999.9999999999941,
        "mul2": 0.0
    },
    "47": {
        "add1": 999.9999999999941,
        "mul2": 0.0
    },
    "36": {
        "add1": -999.9999999999941,
        "mul2": 0.0
    },
    "28": {
        "add1": -999.9999999997316,
        "mul2": 0.0
    },
    "29": {
        "add1": 999.9999999997316,
        "mul2": 0.0
    },
    "30": {
        "add1": -999.9999999997316,
        "mul2": 0.0
    },
    "31": {
        "add1": 999.9999999997316,
        "mul2": 0.0
    },
    "20": {
        "add1": 811.6574511844788,
        "mul2": 999.9999124795252
    },
    "21": {
        "add1": 78.59336620538707,
        "mul2": 570.1109864761065
    },
    "22": {
        "add1": 310.6166914384917,
        "mul2": 918.1227109472917
    },
    "26": {
        "add1": -999.9999999981303,
        "mul2": 0.0
    },
    "27": {
        "add1": 999.9999999981303,
        "mul2": 0.0
    },
    "23": {
        "add1": -19.0,
        "mul2": 67.93465209301002
    }
}